<?xml version="1.0" encoding="UTF-8"?>
<con:soapui-workspace name="Default Workspace" soapui-version="SNAPSHOT" xmlns:con="http://eviware.com/soapui/config"><con:settings/><con:project>C:\Documents and Settings\ole.matzura\My Documents\Javapolis-soapui-project.xml</con:project><con:project>C:\javapolis\workspace\soapui-core\src\dist\sample-soapui-project.xml</con:project><con:project>C:\Documents and Settings\ole.matzura\My Documents\jbossws-soapui-project.xml</con:project><con:project>C:\Documents and Settings\ole.matzura\My Documents\swatest-soapui-project.xml</con:project><con:project>C:\Documents and Settings\ole.matzura\My Documents\forum-soapui-project.xml</con:project></con:soapui-workspace>