<AutomatedInstallation langpack="eng">
    <com.izforge.izpack.panels.HelloPanel/>
    <com.izforge.izpack.panels.InfoPanel/>
    <com.izforge.izpack.panels.LicencePanel/>
    <com.izforge.izpack.panels.TargetPanel>
        <installpath>wheretoinstall</installpath>
    </com.izforge.izpack.panels.TargetPanel>
    <com.izforge.izpack.panels.PacksPanel>
        <pack name="HermesJMS" index="0" selected="true"/>
    </com.izforge.izpack.panels.PacksPanel>
    <com.izforge.izpack.panels.SummaryPanel/>
    <com.izforge.izpack.panels.InstallPanel/>
    <com.izforge.izpack.panels.FinishPanel/>
</AutomatedInstallation>
