<?xml version="1.0" encoding="UTF-8"?>
<project>
	<pomVersion>3</pomVersion>
	<artifactId>maven-soapui-plugin</artifactId>
	<groupId>eviware</groupId>
	<organization>
		<name>smartbear.com</name>
	</organization>
	<inceptionYear>2006</inceptionYear>
	<name>maven-soapui-plugin</name>
	<currentVersion>5.4.0</currentVersion>
	<package>com.smartbear.soapui</package>
	<shortDescription>Maven plugin for SoapUI</shortDescription>
	<repository />
	<dependencies>
		<dependency>
			<groupId>eviware</groupId>
			<artifactId>soapui</artifactId>
			<version>5.4.0</version>
			<type>jar</type>
		</dependency>
		<dependency>
			<groupId>activation</groupId>
			<artifactId>activation</artifactId>
			<version>1.1</version>
			<type>jar</type>
			<url>http://java.sun.com/products/javabeans/glasgow/jaf.html</url>
		</dependency>
		<dependency>
			<groupId>javamail</groupId>
			<artifactId>javamail</artifactId>
			<version>1.4</version>
			<type>jar</type>
			<url>http://java.sun.com/products/javamail/</url>
		</dependency>
		<dependency>
			<groupId>wsdl4j</groupId>
			<artifactId>wsdl4j</artifactId>
			<version>1.6.2-fixed</version>
			<type>jar</type>
		</dependency>
		<dependency>
			<groupId>org.apache.logging.log4j</groupId>
			<artifactId>log4j-api</artifactId>
			<version>${log4j2.version}</version>
		</dependency>
		<dependency>
			<groupId>org.apache.logging.log4j</groupId>
			<artifactId>log4j-core</artifactId>
			<version>${log4j2.version}</version>
		</dependency>
		<dependency>
			<groupId>org.apache.logging.log4j</groupId>
			<artifactId>log4j-slf4j-impl</artifactId>
			<version>${log4j2.version}</version>
		</dependency>
		<dependency>
			<groupId>commons-collections</groupId>
			<artifactId>commons-collections</artifactId>
			<version>3.2.2</version>
			<type>jar</type>
			<url>http://jakarta.apache.org/commons/logging</url>
		</dependency>
		<dependency>
			<groupId>commons-lang</groupId>
			<artifactId>commons-lang</artifactId>
			<version>2.4</version>
			<type>jar</type>
			<url>http://jakarta.apache.org/commons/logging</url>
		</dependency>
		<dependency>
			<groupId>commons-io</groupId>
			<artifactId>commons-io</artifactId>
			<version>1.3.2</version>
			<type>jar</type>
		</dependency>
		<dependency>
			<groupId>com.narupley</groupId>
			<artifactId>not-going-to-be-commons-ssl</artifactId>
			<version>${not-going-to-be-commons-ssl.version}</version>
			<exclusions>
				<exclusion>
					<groupId>org.bouncycastle</groupId>
					<artifactId>bcprov-jdk15on</artifactId>
				</exclusion>
				<exclusion>
					<groupId>org.bouncycastle</groupId>
					<artifactId>bcprov-ext-jdk15on</artifactId>
				</exclusion>
			</exclusions>
		</dependency>
		<dependency>
			<groupId>commons-cli</groupId>
			<artifactId>commons-cli</artifactId>
			<version>1.0</version>
			<type>jar</type>
		</dependency>
		<dependency>
			<groupId>commons-beanutils</groupId>
			<artifactId>commons-beanutils</artifactId>
			<version>1.9.4</version>
			<type>jar</type>
		</dependency>
		<dependency>
			<groupId>json</groupId>
			<artifactId>json-lib</artifactId>
			<version>2.2.2-jdk15</version>
			<type>jar</type>
			<url>http://jakarta.apache.org/commons/logging</url>
		</dependency>
		<dependency>
			<groupId>ezmorph</groupId>
			<artifactId>ezmorph</artifactId>
			<version>1.0.5</version>
			<type>jar</type>
			<url>http://jakarta.apache.org/commons/logging</url>
		</dependency>
		<dependency>
			<groupId>xom</groupId>
			<artifactId>xom</artifactId>
			<version>1.1</version>
			<type>jar</type>
			<url>http://jakarta.apache.org/commons/logging</url>
		</dependency>
		<dependency>
			<groupId>swingx</groupId>
			<artifactId>swingx</artifactId>
			<version>soapui</version>
			<type>jar</type>
		</dependency>
		<dependency>
			<groupId>commons-codec</groupId>
			<artifactId>commons-codec</artifactId>
			<version>1.10</version>
			<type>jar</type>
		</dependency>
		<dependency>
			<groupId>org.codehaus.groovy</groupId>
			<artifactId>groovy-all</artifactId>
			<version>3.0.6</version>
			<type>pom</type>
		</dependency>
		<dependency>
			<groupId>org.codehaus.groovy</groupId>
			<artifactId>groovy-dateutil</artifactId>
			<version>3.0.6</version>
		</dependency>
		<dependency>
			<groupId>rhino</groupId>
			<artifactId>js</artifactId>
			<version>1.7R2</version>
			<type>jar</type>
		</dependency>
		<dependency>
			<groupId>jetty</groupId>
			<artifactId>jetty</artifactId>
			<version>6.1.26</version>
		</dependency>
		<dependency>
			<groupId>jetty</groupId>
			<artifactId>jetty-util</artifactId>
			<version>6.1.26</version>
		</dependency>
		<dependency>
			<groupId>jetty</groupId>
			<artifactId>servlet-api</artifactId>
			<version>2.5-20081211</version>
		</dependency>
		<dependency>
			<groupId>org.apache.xmlbeans</groupId>
			<artifactId>xmlbeans</artifactId>
			<version>3.1.1-sb-fixed</version>
			<type>jar</type>
		</dependency>
		<dependency>
			<groupId>org.apache.xmlbeans</groupId>
			<artifactId>xmlbeans-xpath</artifactId>
			<version>2.6.0</version>
			<type>jar</type>
		</dependency>
		<dependency>
			<groupId>xmlbeans</groupId>
			<artifactId>jsr173_1.0_api</artifactId>
			<version>xmlbeans-2.4.0</version>
			<type>jar</type>
		</dependency>
		<dependency>
			<groupId>eviware</groupId>
			<artifactId>soapui-xmlbeans</artifactId>
			<version>4.5.1</version>
			<type>jar</type>
		</dependency>
		<dependency>
			<groupId>eviware</groupId>
			<artifactId>policy-xmlbeans</artifactId>
			<version>1.5</version>
			<type>jar</type>
		</dependency>
		<dependency>
			<groupId>eviware</groupId>
			<artifactId>soap-xmlbeans</artifactId>
			<version>1.2</version>
			<type>jar</type>
		</dependency>
		<dependency>
			<groupId>eviware</groupId>
			<artifactId>wadl-xmlbeans</artifactId>
			<version>1.1</version>
			<type>jar</type>
		</dependency>
		<dependency>
			<groupId>eviware</groupId>
			<artifactId>j2ee-xmlbeans</artifactId>
			<version>1.4</version>
			<type>jar</type>
		</dependency>
		<dependency>
			<groupId>eviware</groupId>
			<artifactId>ext-xmlbeans</artifactId>
			<version>1.2</version>
			<type>jar</type>
		</dependency>
		<dependency>
			<groupId>saxon</groupId>
			<artifactId>saxon</artifactId>
			<version>9.1.0.8j</version>
			<type>jar</type>
		</dependency>
		<dependency>
			<groupId>saxon</groupId>
			<artifactId>saxon-dom</artifactId>
			<version>9.1.0.8j</version>
			<type>jar</type>
		</dependency>
		<dependency>
			<groupId>xmlunit</groupId>
			<artifactId>xmlunit</artifactId>
			<version>1.2</version>
			<type>jar</type>
		</dependency>
		<dependency>
			<groupId>junit</groupId>
			<artifactId>junit</artifactId>
			<version>${junit-version}</version>
			<type>jar</type>
		</dependency>
		<dependency>
			<groupId>xml-security</groupId>
			<artifactId>xmlsec</artifactId>
			<version>1.4.3</version>
			<type>jar</type>
		</dependency>
		<dependency>
			<groupId>opensaml</groupId>
			<artifactId>opensaml</artifactId>
			<version>1.1</version>
		</dependency>
		<dependency>
			<groupId>xalan</groupId>
			<artifactId>xalan</artifactId>
			<version>2.7.2</version>
			<type>jar</type>
		</dependency>
		<dependency>
			<groupId>xerces</groupId>
			<artifactId>xercesImpl</artifactId>
			<version>2.12.0</version>
			<type>jar</type>
		</dependency>
		<dependency>
			<groupId>wss4j</groupId>
			<artifactId>wss4j</artifactId>
			<version>1.5.8</version>
			<type>jar</type>
		</dependency>
		<dependency>
			<groupId>org.bouncycastle</groupId>
			<artifactId>bcprov-jdk15on</artifactId>
			<version>1.64</version>
			<type>jar</type>
		</dependency>
		<dependency>
			<groupId>jtidy</groupId>
			<artifactId>jtidy</artifactId>
			<version>r872-jdk15</version>
			<type>jar</type>
		</dependency>
		<dependency>
			<groupId>javax.jms</groupId>
			<artifactId>jms</artifactId>
			<version>1.1</version>
			<type>jar</type>
		</dependency>
		<dependency>
			<groupId>hermesjms</groupId>
			<artifactId>hermes</artifactId>
			<version>1.14</version>
			<type>jar</type>
		</dependency>
		<dependency>
			<groupId>amf</groupId>
			<artifactId>flex-messaging-common</artifactId>
			<version>1.0</version>
			<type>jar</type>
		</dependency>
		<dependency>
			<groupId>amf</groupId>
			<artifactId>flex-messaging-core</artifactId>
			<version>1.0</version>
			<type>jar</type>
		</dependency>
		<dependency>
			<groupId>amf</groupId>
			<artifactId>flex-messaging-opt</artifactId>
			<version>1.0</version>
			<type>jar</type>
		</dependency>
		<dependency>
			<groupId>amf</groupId>
			<artifactId>flex-messaging-proxy</artifactId>
			<version>1.0</version>
			<type>jar</type>
		</dependency>
		<dependency>
			<groupId>amf</groupId>
			<artifactId>flex-messaging-remoting</artifactId>
			<version>1.0</version>
			<type>jar</type>
		</dependency>
		<dependency>
			<groupId>thoughtworks</groupId>
			<artifactId>xstream</artifactId>
			<version>1.4.13</version>
			<type>jar</type>
		</dependency>
		<!-- HtmlUnit dependencies -->
		<dependency>
			<groupId>net.sourceforge.htmlunit</groupId>
			<artifactId>htmlunit</artifactId>
			<version>2.7</version>
			<type>jar</type>
		</dependency>
		<dependency>
			<groupId>org.w3c.css</groupId>
			<artifactId>sac</artifactId>
			<version>1.3</version>
			<type>jar</type>
		</dependency>
		<dependency>
			<groupId>net.sourceforge.htmlunit</groupId>
			<artifactId>htmlunit-core-js</artifactId>
			<version>2.7</version>
			<type>jar</type>
		</dependency>
		<dependency>
			<groupId>net.sourceforge.cssparser</groupId>
			<artifactId>cssparser</artifactId>
			<version>0.9.5</version>
			<type>jar</type>
		</dependency>
		<dependency>
			<groupId>net.sourceforge.nekohtml</groupId>
			<artifactId>nekohtml</artifactId>
			<version>1.9.14</version>
			<type>jar</type>
		</dependency>
		<dependency>
			<groupId>fife</groupId>
			<artifactId>rsyntaxtextarea</artifactId>
			<version>1.3.4</version>
			<type>jar</type>
		</dependency>
		<dependency>
			<groupId>org.apache.httpcomponents</groupId>
			<artifactId>httpclient</artifactId>
			<version>4.1.1</version>
			<type>jar</type>
		</dependency>
		<dependency>
			<groupId>org.apache.httpcomponents</groupId>
			<artifactId>httpmime</artifactId>
			<version>4.1.1</version>
			<type>jar</type>
		</dependency>
		<dependency>
			<groupId>org.apache.httpcomponents</groupId>
			<artifactId>httpclient-cache</artifactId>
			<version>4.1.1</version>
			<type>jar</type>
		</dependency>
		<dependency>
			<groupId>org.apache.httpcomponents</groupId>
			<artifactId>httpcore</artifactId>
			<version>4.1.1</version>
			<type>jar</type>
		</dependency>
		<dependency>
			<groupId>org.apache.httpcomponents</groupId>
			<artifactId>httpcore-nio</artifactId>
			<version>4.1.1</version>
			<type>jar</type>
		</dependency>
		<dependency>
			<groupId>org.samba.jcifs</groupId>
			<artifactId>jcifs</artifactId>
			<version>1.2.9</version>
			<type>jar</type>
		</dependency>
	</dependencies>
	<build>
		<resources>
			<resource>
				<directory>lib</directory>
				<targetPath>plugin-resources/lib</targetPath>
				<filtering>false</filtering>
			</resource>
			<resource>
				<directory>.</directory>
				<includes>
					<include>plugin.jelly</include>
					<include>plugin.properties</include>
					<include>project.properties</include>
					<include>project.xml</include>
				</includes>
				<filtering>false</filtering>
			</resource>
		</resources>
	</build>
</project>

